<?xml version="1.0" encoding="UTF-8"?>
<project-private xmlns="http://www.netbeans.org/ns/project-private/1">
    <editor-bookmarks xmlns="http://www.netbeans.org/ns/editor-bookmarks/2" lastBookmarkId="0"/>
    <open-files xmlns="http://www.netbeans.org/ns/projectui-open-files/2">
        <group>
            <file>file:/G:/JSPCrud/src/com/javatpoint/bean/User.java</file>
            <file>file:/G:/JSPCrud/src/com/javatpoint/dao/UserDao.java</file>
            <file>file:/G:/JSPCrud/src/com/javatpoint/dao/BatchDao.java</file>
        </group>
    </open-files>
</project-private>
